domain name,created on
rrussianews[.]com,10/03/2022
eventality[.]ru,10/03/2022
nnewws[.]ru,10/03/2022
newsroad[.]online,06/04/2022
memhouse[.]online,15/04/2022
weltereignisse365[.]de,26/05/2022
librelepresse[.]fr,26/05/2022
libera-stampa[.]it,28/05/2022
avisindependent[.]eu,03/06/2022
factsmatter[.]me,03/06/2022
blld[.]live,05/06/2022
bild[.]pics,06/06/2022
rrn[.]world,06/06/2022
welt[.]tours,07/06/2022
dailymail[.]top,10/06/2022
repubblica[.]life,13/06/2022
delfi[.]life,15/06/2022
dailymail[.]cam,23/06/2022
dailymail[.]cfd,23/06/2022
20minuts[.]com,28/06/2022
ansa[.]ltd,28/06/2022
rbk[.]kiev[.]ua,28/06/2022
Viedo-klis[.]lv,28/06/2022
spiegel[.]ltd,29/06/2022
truemaps[.]info,30/06/2022
lsm[.]li,06/07/2022
theguardian[.]co[.]com,07/07/2022
schlauespiel[.]de,09/07/2022
tagesspiegel[.]ltd,09/07/2022
bild[.]asia,12/07/2022
bild[.]vip,12/07/2022
reuters[.]cfd,12/07/2022
repubblica[.]icu,12/07/2022
repubblica[.]world,12/07/2022
delfi[.]today,12/07/2022
delfi[.]top,12/07/2022
rbk[.]today,13/07/2022
spiegelr[.]live,14/07/2022
spiegelr[.]today,14/07/2022
t-onlinl[.]life,14/07/2022
t-onlinl[.]live,14/07/2022
t-onlinl[.]today,14/07/2022
delfl[.]cc,14/07/2022
spiegel[.]today,16/07/2022
spiegel[.]quest,18/07/2022
spiegel[.]fun,18/07/2022
tonline[.]cfd,18/07/2022
tonline[.]life,18/07/2022
tonline[.]today,18/07/2022
spiegel[.]ink,20/07/2022
spiegel[.]pro,20/07/2022
sueddeutsche[.]online,20/07/2022
t-online[.]life,20/07/2022
bild[.]eu[.]com,24/07/2022
bild[.]llc,25/07/2022
spiegel[.]co[.]com,26/07/2022
zestiftung[.]com,27/07/2022
spiegeli[.]life,28/07/2022
spiegeli[.]live,28/07/2022
spiegeli[.]today,28/07/2022
welt[.]ltd,28/07/2022
faz[.]ltd,30/07/2022
t-onlinr[.]life,31/07/2022
t-onlinr[.]live,31/07/2022
t-onlinr[.]today,31/07/2022
spiegel[.]agency,06/08/2022
spiegelr[.]life,14/08/2022
sueddeutsche[.]life,17/08/2022
sueddeutsche[.]today,17/08/2022
sueddeutsche[.]me,18/08/2022
nd-aktuell[.]net,23/08/2022
bild[.]expert,06/09/2022
obozrevatels[.]com,08/09/2022
bild[.]ws,12/09/2022
faz[.]agency,12/09/2022
nd-aktuell[.]pro,12/09/2022
spiegel[.]work,12/09/2022
sueddeutsche[.]cc,12/09/2022
welt[.]ws,12/09/2022
nd-aktuell[.]co,13/09/2022
sueddeutsche[.]co,13/09/2022
tagesspiegel[.]co,13/09/2022
welt[.]media,13/09/2022
bild[.]work,14/09/2022
faz[.]life,14/09/2022
spiegel[.]cab,14/09/2022
fraiesvolk[.]com,17/09/2022
fraiepozition[.]live,20/09/2022
fraiepozition[.]online,20/09/2022
fraiepozition[.]site,20/09/2022
fraiepozition[.]store,20/09/2022
offinemainung[.]info,20/09/2022
offinemainung[.]live,20/09/2022
offinemaining[.]fun,21/09/2022
offinemaining[.]online,21/09/2022
offinemaining[.]pw,21/09/2022
offinemaining[.]site,21/09/2022
offinemaining[.]website,21/09/2022
werdunstorker[.]fun,21/09/2022
werdunstorker[.]online,21/09/2022
werdunstorker[.]pw,21/09/2022
offinemaiunng[.]online,22/09/2022
offinemaiunng[.]pw,22/09/2022
offinemaiunng[.]space,22/09/2022
offinemanung[.]online,22/09/2022
offinemanung[.]site,22/09/2022
offinemanung[.]website,22/09/2022
offinemaunng[.]online,22/09/2022
offineminung[.]online,22/09/2022
offineminung[.]pw,22/09/2022
offineminung[.]site,22/09/2022
offineminung[.]space,22/09/2022
offineminung[.]website,22/09/2022
offinemiunng[.]online,22/09/2022
offinemiunng[.]space,22/09/2022
offinemizung[.]online,22/09/2022
offinemizung[.]website,22/09/2022
offinemnung[.]online,22/09/2022
offinemnung[.]space,22/09/2022
offinemunng[.]online,22/09/2022
offinemunng[.]website,22/09/2022
affinemainung[.]fun,23/09/2022
affinemainung[.]online,23/09/2022
affinemainung[.]space,23/09/2022
affinemainung[.]website,23/09/2022
affinemaiunng[.]fun,23/09/2022
affinemaiunng[.]online,23/09/2022
affinemaiunng[.]site,23/09/2022
affinemaiunng[.]space,23/09/2022
affinemaiunng[.]website,23/09/2022
affinemanung[.]fun,23/09/2022
affinemanung[.]site,23/09/2022
affinemanung[.]website,23/09/2022
affineminung[.]fun,23/09/2022
affineminung[.]online,23/09/2022
affineminung[.]site,23/09/2022
affinemiunng[.]fun,23/09/2022
affinemiunng[.]site,23/09/2022
affinemiunng[.]space,23/09/2022
affinemiunng[.]website,23/09/2022
fariepoziitn[.]online,23/09/2022
fariepoziitn[.]site,23/09/2022
fariepoziitn[.]space,23/09/2022
fariepoziitn[.]website,23/09/2022
faripoziiton[.]fun,23/09/2022
faripoziiton[.]online,23/09/2022
faripoziiton[.]space,23/09/2022
faripoziiton[.]website,23/09/2022
fraiopziiton[.]online,23/09/2022
fraiopziiton[.]site,23/09/2022
offebnarugn[.]online,23/09/2022
offebnarugn[.]site,23/09/2022
offebnarugn[.]space,23/09/2022
offebnarugn[.]website,23/09/2022
offebnurgn[.]online,23/09/2022
offebnurgn[.]site,23/09/2022
offebnurgn[.]space,23/09/2022
offebnurgn[.]website,23/09/2022
offenbarugn[.]online,23/09/2022
offenbarugn[.]site,23/09/2022
offenbarugn[.]space,23/09/2022
offenbarugn[.]website,23/09/2022
offenbaurgn[.]online,23/09/2022
offenbaurgn[.]site,23/09/2022
offenbaurgn[.]space,23/09/2022
offenbaurgn[.]website,23/09/2022
alldrings[.]online,25/09/2022
alldrings[.]pw,25/09/2022
alldrings[.]space,25/09/2022
alldrings[.]website,25/09/2022
alledrigns[.]online,25/09/2022
alledrigns[.]pw,25/09/2022
alledrigns[.]site,25/09/2022
alledrigns[.]space,25/09/2022
alledrigns[.]website,25/09/2022
alledrngs[.]online,25/09/2022
alledrngs[.]pw,25/09/2022
alledrngs[.]space,25/09/2022
alledrngs[.]website,25/09/2022
allerdigns[.]online,25/09/2022
allerdigns[.]site,25/09/2022
allerdigns[.]space,25/09/2022
allerdigns[.]website,25/09/2022
dassprachrohr[.]online,25/09/2022
dassprachrohr[.]site,25/09/2022
dassprachrohr[.]space,25/09/2022
dassprachrohr[.]website,25/09/2022
dassprahcrohr[.]online,25/09/2022
dassprahcrohr[.]site,25/09/2022
dassprahcrohr[.]space,25/09/2022
dassprahcrohr[.]website,25/09/2022
dassprhcorhr[.]online,25/09/2022
dassprhcorhr[.]site,25/09/2022
dassprhcorhr[.]space,25/09/2022
dassrpahcorhr[.]online,25/09/2022
dassrpahcorhr[.]site,25/09/2022
dassrpahcorhr[.]space,25/09/2022
dassrpahcorhr[.]website,25/09/2022
lenreuzdeknen[.]online,25/09/2022
lenreuzdeknen[.]site,25/09/2022
lenreuzdeknen[.]space,25/09/2022
lenreuzdeknen[.]website,25/09/2022
lenruzdeknn[.]online,25/09/2022
lenruzdeknn[.]site,25/09/2022
lenruzdeknn[.]space,25/09/2022
lenruzdeknn[.]website,25/09/2022
lenrzuednken[.]online,25/09/2022
lenrzuednken[.]site,25/09/2022
lenrzuednken[.]space,25/09/2022
lenrzuednken[.]website,25/09/2022
lernezudeknen[.]online,25/09/2022
lernezudeknen[.]site,25/09/2022
lernezudeknen[.]space,25/09/2022
lernezudeknen[.]website,25/09/2022
lernezuednkn[.]online,25/09/2022
lernezuednkn[.]site,25/09/2022
lernezuednkn[.]space,25/09/2022
lernezuednkn[.]website,25/09/2022
lernuzdenken[.]online,25/09/2022
lernuzdenken[.]website,25/09/2022
lnruzdeknn[.]online,25/09/2022
lnruzdeknn[.]site,25/09/2022
lnruzdeknn[.]space,25/09/2022
lnruzdeknn[.]website,25/09/2022
lrneuzdenken[.]online,25/09/2022
lrneuzdenken[.]site,25/09/2022
lrneuzdenken[.]space,25/09/2022
lrneuzdenken[.]website,25/09/2022
lrneuzednken[.]online,25/09/2022
lrneuzednken[.]site,25/09/2022
lrneuzednken[.]space,25/09/2022
lrneuzednken[.]website,25/09/2022
warhehit[.]fun,25/09/2022
warhehit[.]online,25/09/2022
warhehit[.]pw,25/09/2022
warhehit[.]site,25/09/2022
warhehit[.]space,25/09/2022
warhehit[.]website,25/09/2022
warhheit[.]online,25/09/2022
warhheit[.]site,25/09/2022
warhheit[.]space,25/09/2022
warhheit[.]website,25/09/2022
whrheit[.]online,25/09/2022
whrheit[.]pw,25/09/2022
whrheit[.]site,25/09/2022
whrheit[.]space,25/09/2022
whrheit[.]website,25/09/2022
wrhheit[.]online,25/09/2022
wrhheit[.]pw,25/09/2022
wrhheit[.]site,25/09/2022
wrhheit[.]space,25/09/2022
wrhheit[.]website,25/09/2022
allerdigns[.]pw,26/09/2022
deknuzesrtnach[.]fun,26/09/2022
deknuzesrtnach[.]online,26/09/2022
deknuzesrtnach[.]pw,26/09/2022
deknuzesrtnach[.]site,26/09/2022
deknuzesrtnach[.]space,26/09/2022
deknuzesrtnach[.]website,26/09/2022
deknzuersntch[.]site,26/09/2022
deknzuerstnch[.]fun,26/09/2022
deknzuerstnch[.]pw,26/09/2022
deknzuerstnch[.]site,26/09/2022
deknzuerstnch[.]website,26/09/2022
deknzursntch[.]fun,26/09/2022
deknzursntch[.]online,26/09/2022
deknzursntch[.]pw,26/09/2022
deknzursntch[.]site,26/09/2022
deknzursntch[.]space,26/09/2022
deknzursntch[.]website,26/09/2022
deknzusrtnach[.]fun,26/09/2022
deknzusrtnach[.]online,26/09/2022
deknzusrtnach[.]pw,26/09/2022
deknzusrtnach[.]site,26/09/2022
deknzusrtnach[.]space,26/09/2022
deknzusrtnach[.]website,26/09/2022
denkuzesrtnch[.]fun,26/09/2022
denkuzesrtnch[.]online,26/09/2022
denkuzesrtnch[.]site,26/09/2022
denkuzesrtnch[.]space,26/09/2022
denkuzesrtnch[.]website,26/09/2022
denkzusrntch[.]fun,26/09/2022
denkzusrntch[.]online,26/09/2022
denkzusrntch[.]pw,26/09/2022
denkzusrntch[.]site,26/09/2022
denkzusrntch[.]website,26/09/2022
dknuzersntch[.]online,26/09/2022
dknuzersntch[.]pw,26/09/2022
dknuzersntch[.]site,26/09/2022
dknuzersntch[.]website,26/09/2022
dknuzrstnach[.]online,26/09/2022
dknuzrstnach[.]pw,26/09/2022
dknuzrstnach[.]site,26/09/2022
dknuzrstnach[.]space,26/09/2022
dknuzrstnach[.]website,26/09/2022
dknuzsrntch[.]fun,26/09/2022
dknuzsrntch[.]online,26/09/2022
dknuzsrntch[.]pw,26/09/2022
dknuzsrntch[.]site,26/09/2022
dknuzsrntch[.]space,26/09/2022
dknuzsrntch[.]website,26/09/2022
dknzursntach[.]online,26/09/2022
dknzursntach[.]pw,26/09/2022
dknzursntach[.]site,26/09/2022
dknzursntach[.]space,26/09/2022
dknzursntach[.]website,26/09/2022
dnkzuesrtnach[.]pw,26/09/2022
dnkzuesrtnach[.]website,26/09/2022
ferehtdwrhl[.]fun,26/09/2022
ferehtdwrhl[.]pw,26/09/2022
ferehtdwrhl[.]site,26/09/2022
ferehtdwrhl[.]space,26/09/2022
ferehtdwrhl[.]website,26/09/2022
ferhedtewrahl[.]pw,26/09/2022
ferhedtewrahl[.]site,26/09/2022
ferhedtewrahl[.]website,26/09/2022
feriehtdewrahl[.]pw,26/09/2022
feriehtdewrahl[.]site,26/09/2022
feriehtdewrahl[.]space,26/09/2022
feriehtdewrahl[.]website,26/09/2022
ferihetderwahl[.]online,26/09/2022
ferihetderwahl[.]website,26/09/2022
warhheit[.]fun,26/09/2022
whrheit[.]fun,26/09/2022
wrhheit[.]fun,26/09/2022
kennediewahrheit[.]live,27/09/2022
lorketstonker[.]store,27/09/2022
neuigkeitenfursie[.]tech,27/09/2022
wahrheitindenaugen[.]pw,27/09/2022
warhheiiptdaunegn[.]link,30/09/2022
warhheiiptdaunegn[.]pw,30/09/2022
warhheintbaunegn[.]pw,30/09/2022
warhheintdaunegn[.]link,30/09/2022
warhheintdaunegn[.]pw,30/09/2022
sieben-fragen-putin[.]de,02/10/2022
sevenquestions[.]eu[.]com,03/10/2022
70-putin-freunde[.]de,05/10/2022
tribunalukraine[.]info,05/10/2022
welt[.]beauty,11/10/2022
welt[.]lol,11/10/2022
faz[.]beauty,12/10/2022
nord-streampipeline[.]site,21/10/2022
bildd[.]beauty,26/10/2022
bildd[.]lol,26/10/2022
faz[.]lol,26/10/2022
fazz[.]beauty,26/10/2022
fazz[.]lol,26/10/2022
spiegell[.]beauty,26/10/2022
spiegell[.]lol,26/10/2022
weltt[.]beauty,26/10/2022
weltt[.]lol,26/10/2022
lemonde[.]ltd,28/12/2022
leparisien[.]ltd,02/02/2023
pravda-ua[.]com,12/02/2023
washingtonpost[.]ltd,16/02/2023
rbk[.]media,21/02/2023
wanderfalke[.]net,23/02/2023
arbeitspause[.]org,23/02/2023
spicyconspiracy[.]info,23/02/2023
besuchszweck[.]org,23/02/2023
uschina[.]press,23/02/2023
electionwatch[.]live,23/02/2023
50statesoflie[.]com,23/02/2023
liesofwallstreet[.]com,23/02/2023
honeymoney[.]info,23/02/2023
allons-y[.]social,24/02/2023
candidat[.]news,24/02/2023
notrepays[.]today,24/02/2023
franceeteu[.]today,24/02/2023
lavirgule[.]news,24/02/2023
lesfrontieres[.]media,24/02/2023
laterrasse[.]online,24/02/2023
la-sante[.]info,24/02/2023
lesifflet[.]net,24/02/2023
derbayerischelowe[.]info,27/02/2023
brennendefrage[.]com,27/02/2023
derleitstern[.]com,27/02/2023
mypride[.]press,27/02/2023
ukrlm[.]info,27/02/2023
acrosstheline[.]press,27/02/2023
albayan[.]me,28/02/2023
grunehummel[.]com,28/02/2023
miastagebuch[.]com,28/02/2023
gulfnews[.]ltd,01/03/2023
sueddeutsche[.]ltd,05/03/2023
obozrevatel[.]ltd,10/03/2023
ukraine-inc[.]info,11/03/2023
il-corrispondente[.]com,21/03/2023
lefigaro[.]me,05/04/2023
derrattenfanger[.]net,27/04/2023
le-continent[.]com,28/04/2023
alhiwar[.]me,28/04/2023
jewishjournal[.]info,18/05/2023
theliberal[.]net,18/05/2023
mako[.]news,22/05/2023
gouv[.]fm,25/05/2023
bund[.]pe,30/05/2023
ua-pravda[.]click,01/06/2023
bundespolizei[.]pe,06/06/2023
foxnews[.]cx,07/06/2023
morgenpost[.]ltd,09/06/2023
diepresse[.]org,09/06/2023
la-croix[.]cam,09/06/2023
unian[.]org,14/06/2023
mfa-qov[.]info,15/06/2023
levinaigre[.]net,19/06/2023
polemix[.]pro,19/06/2023
holylandherald[.]com,19/06/2023
lebelligerant[.]com,29/06/2023
derglaube[.]com,29/06/2023
govv[.]pw,04/07/2023
grenzezank[.]com,05/07/2023
lexomnium[.]com,05/07/2023
nato[.]ws,05/07/2023
meisterurian[.]io,05/07/2023
kaputteampel[.]com,05/07/2023
hauynescherben[.]net,05/07/2023
deintelligenz[.]com,05/07/2023
cropmarketchronicles[.]us,05/07/2023
warfareinsider[.]us,05/07/2023
shadowwatch[.]us,05/07/2023
truthgate[.]us,05/07/2023
liberation[.]ltd,11/07/2023
lepoint[.]info,11/07/2023
walla[.]com[.]co,11/07/2023
liberation[.]ink,14/07/2023
polskikompas[.]com,19/07/2023
omnam[.]life,19/07/2023
leparisien[.]cc,23/07/2023
rrn[.]media,26/07/2023
fox-news[.]pm,31/07/2023
leparisien[.]pm,03/08/2023
liberation[.]wf,04/08/2023
lepoint[.]foo,07/08/2023
bild-d[.]beauty,10/08/2023
bild[.]beauty,10/08/2023
polskieradio24[.]net,18/08/2023
bild[.]bz,21/08/2023
interventionist[.]us,22/08/2023
noticiasbravas[.]com,31/08/2023
unian[.]in,07/09/2023
news[.]walla[.]re,17/09/2023
secrettribunal[.]online,27/09/2023
unian[.]pm,13/10/2023
fox-news[.]in,18/10/2023
washingtonpost[.]pm,10/11/2023
theliberal[.]in,13/11/2023
leparisien[.]re,01/12/2023
welt[.]pm,11/01/2024
ukraine-inc[.]com,23/01/2024
leparisien[.]top,05/03/2024
geheimtor[.]com,19/03/2024
corriere[.]in,05/04/2024
lastampa[.]in,05/04/2024
repubblica[.]in,05/04/2024
polskieradio[.]icu,06/04/2024
polityka[.]link,06/04/2024
jewishjournal[.]top,16/06/2024
polskieradio[.]cfd,16/06/2024
hamodia[.]in,16/06/2024
forward[.]pw,16/06/2024
jpost[.]foo,21/06/2024
psychologies[.]top,21/06/2024
closermag[.]eu,25/06/2024
psychologie-heute[.]eu,25/06/2024
slate[.]bz,25/06/2024
offshore[.]cx,30/06/2024
vip-news[.]org,01/07/2024
israeltoday[.]top,04/07/2024
newyorker[.]bz,04/07/2024
thuriesmagazine[.]in,05/07/2024
wanttoknow[.]in,05/07/2024
americamagazine[.]icu,05/07/2024
dzieckowpodrozy[.]in,07/07/2024
ciekawostkihistoryczne[.]in,07/07/2024
herder[.]in,07/07/2024
beautynewsnyc[.]cfd,07/07/2024
bibelbund[.]cfd,08/07/2024
dzienniknaukowy[.]link,08/07/2024
lilith[.]day,08/07/2024
graziamagazine[.]cfd,09/07/2024
historia[.]fyi,09/07/2024
cosmopolitan[.]day,09/07/2024
zeit[.]cx,10/07/2024
omnam[.]media,11/07/2024
hauynescherben[.]press,11/07/2024
la-sante[.]press,11/07/2024
le-continent[.]press,11/07/2024
uschina[.]online,11/07/2024
framce24[.]cfd,12/07/2024
lefigaro[.]foo,12/07/2024
mensjournal[.]day,12/07/2024
polemix[.]cc,13/07/2024
lebelligerant[.]io,13/07/2024
brennendefrage[.]cc,13/07/2024
cropmarketchronicles[.]cc,13/07/2024
liesofwallstreet[.]io,13/07/2024
kaputteampel[.]cc,13/07/2024
laterrasse[.]io,13/07/2024
lesifflet[.]cc,13/07/2024
deintelligenz[.]io,13/07/2024
derleitstern[.]cc,13/07/2024
derrattenfanger[.]io,13/07/2024
il-corrispondente[.]io,13/07/2024
alhiwar[.]cc,13/07/2024
electionwatch[.]io,13/07/2024
interventionist[.]cc,13/07/2024
spicyconspiracy[.]io,13/07/2024
conspiracywatch[.]in,15/07/2024
nwf[.]icu,15/07/2024
mynaszlaku[.]in,15/07/2024
poradnik-ogrodniczy[.]in,15/07/2024
waldwissen[.]sbs,15/07/2024
detoursenframce[.]in,17/07/2024
framceculture[.]cfd,17/07/2024
gazeta[.]icu,17/07/2024
gosc[.]top,17/07/2024
oah[.]icu,17/07/2024
geo[.]frl,18/07/2024
plantopedia[.]sbs,18/07/2024
mystischerrabe[.]icu,18/07/2024
realsimple[.]sbs,18/07/2024
eatingwell[.]cfd,18/07/2024
ew[.]pe,19/07/2024
medicalhomeportal[.]boo,20/07/2024
berliner-zeitung[.]in,21/07/2024
backpacker[.]foo,22/07/2024
onmeda[.]click,22/07/2024
lebelligerant[.]online,23/07/2024
lesifflet[.]online,23/07/2024
derbayerischelowe[.]online,23/07/2024
holylandherald[.]online,23/07/2024
polemix[.]online,23/07/2024
kitalararasi[.]org,24/07/2024
jwa[.]cx,26/07/2024
leparisien[.]fyi,05/08/2024
polskieradio[.]top,08/08/2024
israel21c[.]cfd,12/08/2024
lequotidiendumedecin[.]foo,18/08/2024
rustica[.]icu,22/08/2024
perlentaucher[.]cfd,22/08/2024
interia[.]sbs,22/08/2024
doolittle[.]foo,27/08/2024
charliehebdo[.]fyi,28/08/2024
monsieur[.]icu,29/08/2024
mystischerrabe[.]cfd,29/08/2024
lepoint[.]top,30/08/2024
autojournal[.]fyi,03/09/2024
holylandherald[.]pw,05/09/2024
lexomnium[.]pw,05/09/2024
mypride[.]pw,05/09/2024
acrosstheline[.]cc,05/09/2024
uschina[.]cc,05/09/2024
rrn[.]so,05/09/2024
artichoc[.]cc,05/09/2024
meisterurian[.]to,05/09/2024
grenzezank[.]to,05/09/2024
tribunalukraine[.]org,06/09/2024
ukrlm[.]so,12/09/2024
truthgate[.]so,12/09/2024
shadowwatch[.]co,12/09/2024
warfareinsider[.]cc,12/09/2024
levinaigre[.]so,12/09/2024
50statesoflie[.]so,12/09/2024
news[.]walla[.]top,19/09/2024
ostlicherwind[.]com,23/09/2024
legrandgallus[.]com,26/09/2024
tageswirtschaft[.]org,06/10/2024
roserouge[.]org,08/10/2024
herzheim[.]org,08/10/2024
kolhaarets[.]com,14/10/2024
stolzfolk[.]com,17/10/2024
indicebaguette[.]com,18/10/2024
usobserve[.]com,18/10/2024
forward[.]cx,24/10/2024
parabellumfrance[.]com,24/10/2024
kriminalradar[.]com,24/10/2024
weltwahl[.]com,24/10/2024
renefrance[.]com,28/10/2024
politiquedelombre[.]com,29/10/2024
kitalararasi[.]org[.]tr,31/10/2024
deintelligenz[.]su,18/11/2024
derrattenfanger[.]su,18/11/2024
brennendefrage[.]su,18/11/2024
lexomnium[.]su,18/11/2024
levinaigre[.]su,18/11/2024
lebelligerant[.]su,18/11/2024
araldoitaliano[.]com,19/11/2024
jeunefrance[.]net,20/11/2024
lessentiers[.]org,20/11/2024
hadashotisrael[.]com,21/11/2024
rrn[.]com[.]tr,23/11/2024
militarblatt[.]org,28/11/2024
ahshav[.]com,28/11/2024
spiegel[.]cx,29/11/2024
mabatil[.]com,04/12/2024
militarblatt[.]net,19/12/2024
politiquedelombre[.]org,20/12/2024
araldoitaliano[.]net,20/12/2024
lefrancophone[.]net,26/12/2024
dmzeitung[.]com,26/12/2024
spiegel[.]bz,10/01/2025
detechplus[.]com,14/01/2025
polskikompas[.]net,15/01/2025
kaputteampel[.]pro,20/01/2025
unian[.]top,04/02/2025
derbayerischelowe[.]io,07/02/2025
stolzvolk[.]ac,07/02/2025
polskicompas[.]net,11/02/2025
wahlomacht[.]io,13/02/2025
welt[.]bid,20/02/2025
lepoint[.]cfd,22/02/2025
leparisien[.]in,22/02/2025
araldoitaliano[.]io,02/03/2025
israeliherald[.]net,04/03/2025
hadashotisrael[.]net,05/03/2025
lesentiers[.]org,07/03/2025
ultra-marin[.]net,09/03/2025
jeunefrance[.]com,09/03/2025
obozrevatel[.]in,18/03/2025
nunsport[.]com,28/03/2025
deitmag[.]com,30/03/2025
phrygien[.]com,03/04/2025
le-continent[.]org,08/04/2025
kolharrets[.]com,03/05/2025
grunehummel[.]net,04/05/2025
ostlicherwind[.]org,11/05/2025
leparisien[.]fans,12/05/2025
lepoint[.]fyi,12/05/2025
welt[.]ist,12/05/2025
walla[.]ist,12/05/2025
unian[.]st,13/05/2025
obozrevatel[.]st,13/05/2025
dmzeitung[.]net,19/05/2025
brennendefrage[.]net,20/05/2025
besuchszweck[.]com,20/05/2025
notrepays[.]fr,04/07/2025
